,Date,Close,Open,High,Low,Volume,Market Cap,Sentiment
0,2018-02-28,10397.9,10687.2,11089.8,10393.1,6936190000,180510000000,0.07030743232
1,2018-02-27,10725.6,10393.9,10878.5,10246.1,6966180000,175536000000,0.0594545249
2,2018-02-26,10366.7,9669.43,10475.0,9501.73,7287690000,163283000000,0.0594545249
3,2018-02-25,9664.73,9796.42,9923.22,9407.06,5706940000,165407000000,0.0594545249
4,2018-02-24,9813.07,10287.7,10597.2,9546.97,6917930000,173682000000,0.0594545249
5,2018-02-23,10301.1,9937.07,10487.3,9734.56,7739500000,167746000000,0.0594545249
6,2018-02-22,10005.0,10660.4,11039.1,9939.09,8040080000,179936000000,0.0594545249
7,2018-02-21,10690.4,11372.2,11418.5,10479.1,9405340000,191927000000,0.1108486034
8,2018-02-20,11403.7,11231.8,11958.5,11231.8,9926540000,189536000000,0.1108486034
9,2018-02-19,11225.3,10552.6,11273.8,10513.2,7652090000,178055000000,0.1108486034
10,2018-02-18,10551.8,11123.4,11349.8,10326.0,8744010000,187663000000,0.1108486034
11,2018-02-17,11112.7,10207.5,11139.5,10149.4,8660880000,172191000000,0.1108486034
12,2018-02-16,10233.9,10135.7,10324.1,9824.82,7296160000,170960000000,0.1108486034
13,2018-02-15,10166.4,9488.32,10234.8,9395.58,9062540000,160025000000,0.1108486034
14,2018-02-14,9494.63,8599.92,9518.54,8599.92,7909820000,145023000000,0.1108486034
15,2018-02-13,8598.31,8926.72,8958.47,8455.41,5696720000,150516000000,0.1108486034
16,2018-02-12,8926.57,8141.43,8985.92,8141.43,6256440000,137258000000,0.1108486034
17,2018-02-11,8129.97,8616.13,8616.13,7931.1,6122190000,145245000000,0.1108486034
18,2018-02-10,8621.9,8720.08,9122.55,8295.47,7780960000,146981000000,0.1108486034
19,2018-02-09,8736.98,8271.84,8736.98,7884.71,6784820000,139412000000,0.1108486034
20,2018-02-08,8265.59,7637.86,8558.77,7637.86,9346750000,128714000000,0.1108486034
21,2018-02-07,7621.3,7755.49,8509.11,7236.79,9169280000,130683000000,0.1108486034
22,2018-02-06,7754.0,7051.75,7850.7,6048.26,13999800000,118810000000,0.1108486034
23,2018-02-05,6955.27,8270.54,8364.84,6756.68,9285290000,139325000000,0.1108486034
24,2018-02-04,8277.01,9175.7,9334.87,8031.22,7073550000,154553000000,0.1108486034
25,2018-02-03,9174.91,8852.12,9430.75,8251.63,7263790000,149085000000,0.1108486034
26,2018-02-02,8830.75,9142.28,9142.28,7796.49,12726900000,153953000000,0.1108486034
27,2018-02-01,9170.54,10237.3,10288.8,8812.28,9959400000,172372000000,0.1108486034
28,2018-01-31,10221.1,10108.2,10381.6,9777.42,8041160000,170183000000,0.1108486034
29,2018-01-30,10106.3,11306.8,11307.2,10036.2,8637860000,190339000000,0.10063371130000001
30,2018-01-29,11296.4,11755.5,11875.6,11179.2,7107360000,197871000000,0.10063371130000001
31,2018-01-28,11786.3,11475.3,12040.3,11475.3,8350360000,193133000000,0.10063371130000001
32,2018-01-27,11440.7,11174.9,11614.9,10989.2,7583270000,188054000000,0.10063371130000001
33,2018-01-26,11171.4,11256.0,11656.7,10470.3,9746200000,189398000000,0.10063371130000001
34,2018-01-25,11259.4,11421.7,11785.7,11057.4,8873170000,192163000000,0.10063371130000001
35,2018-01-24,11359.4,10903.4,11501.4,10639.8,9940990000,183419000000,0.10063371130000001
36,2018-01-23,10868.4,10944.5,11377.6,10129.7,9660610000,184087000000,0.10063371130000001
37,2018-01-22,10931.4,11633.1,11966.4,10240.2,10537400000,195645000000,0.10063371130000001
38,2018-01-21,11600.1,12889.2,12895.9,11288.2,9935180000,216740000000,0.10063371130000001
39,2018-01-20,12899.2,11656.2,13103.0,11656.2,11801700000,195979000000,0.10063371130000001
40,2018-01-19,11607.4,11429.8,11992.8,11172.1,10740400000,192150000000,0.10063371130000001
41,2018-01-18,11474.9,11198.8,12107.3,10942.5,15020400000,188242000000,0.10063371130000001
42,2018-01-17,11188.6,11431.1,11678.0,9402.29,18830600000,192123000000,0.10063371130000001
43,2018-01-16,11490.5,13836.1,13843.1,10194.9,18853800000,232517000000,0.10063371130000001
44,2018-01-15,13819.8,13767.3,14445.5,13641.7,12750800000,231334000000,0.10063371130000001
45,2018-01-14,13772.0,14370.8,14511.8,13268.0,11084100000,241447000000,0.10063371130000001
46,2018-01-13,14360.2,13952.4,14659.5,13952.4,12763600000,234391000000,0.10063371130000001
47,2018-01-12,13980.6,13453.9,14229.9,13158.1,12065700000,225986000000,0.10063371130000001
48,2018-01-11,13405.8,14968.2,15018.8,13105.9,16534100000,251387000000,0.10063371130000001
49,2018-01-10,14973.3,14588.5,14973.3,13691.2,18500800000,244981000000,0.10063371130000001
50,2018-01-09,14595.4,15123.7,15497.5,14424.0,16660000000,253935000000,0.10063371130000001
51,2018-01-08,15170.1,16476.2,16537.9,14208.2,18413900000,276612000000,0.1035664357
52,2018-01-07,16477.6,17527.3,17579.6,16087.7,15866000000,294222000000,0.1035664357
53,2018-01-06,17527.0,17462.1,17712.4,16764.6,18314600000,293091000000,0.1035664357
54,2018-01-05,17429.5,15477.2,17705.2,15202.8,23840900000,259748000000,0.1035664357
55,2018-01-04,15599.2,15270.7,15739.7,14522.2,21783200000,256250000000,0.1035664357
56,2018-01-03,15201.0,14978.2,15572.8,14844.5,16871900000,251312000000,0.1035664357
57,2018-01-02,14982.1,13625.0,15444.6,13163.6,16846600000,228579000000,0.1035664357
58,2018-01-01,13657.2,14112.2,14112.2,13154.7,10291200000,236725000000,0.1035664357
59,2017-12-31,14156.4,12897.7,14377.4,12755.6,12136300000,216326000000,0.1035664357
60,2017-12-30,12952.2,14681.9,14681.9,12350.1,14452600000,246224000000,0.1035664357
61,2017-12-29,14656.2,14695.8,15279.0,14307.0,13025500000,246428000000,0.1035664357
62,2017-12-28,14606.5,15864.1,15888.4,13937.3,12336500000,265988000000,0.1035664357
63,2017-12-27,15838.5,16163.5,16930.9,15114.3,12487600000,270976000000,0.1035664357
64,2017-12-26,16099.8,14036.6,16461.2,14028.9,13454300000,235294000000,0.1035664357
65,2017-12-25,14026.6,13995.9,14593.0,13448.9,10664700000,234590000000,0.1035664357
66,2017-12-24,13925.8,14608.2,14626.0,12747.7,11572300000,244824000000,0.1035664357
67,2017-12-23,14699.2,13948.7,15603.2,13828.8,13086000000,233748000000,0.1035664357
68,2017-12-22,13831.8,15898.0,15943.4,11833.0,22198000000,266381000000,0.1035664357
69,2017-12-21,15802.9,16642.4,17567.7,15342.7,16516600000,278827000000,0.1035664357
70,2017-12-20,16624.6,17760.3,17934.7,16077.7,22149700000,297526000000,0.1035664357
71,2017-12-19,17776.7,19118.3,19177.8,17275.4,16894500000,320242000000,0.1035664357
72,2017-12-18,19114.2,19106.4,19371.0,18355.9,14839500000,320000000000,0.1035664357
73,2017-12-17,19140.8,19475.8,20089.0,18974.1,13314600000,326141000000,0.09853464192
74,2017-12-16,19497.4,17760.3,19716.7,17515.3,12740600000,297376000000,0.09853464192
75,2017-12-15,17706.9,16601.3,18154.1,16601.3,14310000000,277936000000,0.09853464192
76,2017-12-14,16564.0,16384.6,17085.8,16185.9,13777400000,274269000000,0.09853464192
77,2017-12-13,16408.2,17500.0,17653.1,16039.7,12976900000,292900000000,0.09853464192
78,2017-12-12,17415.4,16919.8,17781.8,16571.6,14603800000,283155000000,0.09853464192
79,2017-12-11,16936.8,15427.4,17513.9,15404.8,12153900000,258147000000,0.09853464192
80,2017-12-10,15455.4,15168.4,15850.6,13226.6,13433300000,253782000000,0.09853464192
81,2017-12-09,15178.2,16523.3,16783.0,13674.9,13911300000,276415000000,0.09853464192
82,2017-12-08,16569.4,17802.9,18353.4,14336.9,21136000000,297787000000,0.09853464192
83,2017-12-07,17899.7,14266.1,17899.7,14057.3,17950700000,238600000000,0.09853464192
84,2017-12-06,14291.5,11923.4,14369.1,11923.4,12656300000,199390000000,0.09853464192
85,2017-12-05,11916.7,11685.7,12032.0,11604.6,6895260000,195389000000,0.09853464192
86,2017-12-04,11657.2,11315.4,11657.2,11081.8,6132410000,189172000000,0.09853464192
87,2017-12-03,11323.2,11082.7,11858.7,10862.0,6608310000,185258000000,0.09853464192
88,2017-12-02,11074.6,10978.3,11320.2,10905.1,5138500000,183490000000,0.09853464192
89,2017-12-01,10975.6,10198.6,11046.7,9694.65,6783120000,170436000000,0.09853464192
90,2017-11-30,10233.6,9906.79,10801.0,9202.05,8310690000,165537000000,0.09853464192
91,2017-11-29,9888.61,10077.4,11517.4,9601.03,11568800000,168367000000,0.09853464192
92,2017-11-28,10058.8,9823.43,10125.7,9736.3,6348820000,164104000000,0.09853464192
93,2017-11-27,9818.35,9352.72,9818.35,9352.72,5653320000,156221000000,0.09853464192
94,2017-11-26,9330.55,8789.04,9522.93,8775.59,5475580000,146789000000,0.09853464192
95,2017-11-25,8790.92,8241.71,8790.92,8191.15,4342060000,137632000000,0.380219439
96,2017-11-24,8253.69,8074.02,8374.16,7940.93,5058610000,134816000000,0.380219439
97,2017-11-23,8038.77,8232.38,8267.4,8038.77,4225180000,137444000000,0.380219439
98,2017-11-22,8253.55,8077.95,8302.26,8075.47,3633530000,134851000000,0.380219439
99,2017-11-21,8071.26,8205.74,8348.66,7762.71,4277610000,136967000000,0.380219439
100,2017-11-20,8200.64,8039.07,8336.86,7949.36,3488450000,134167000000,0.380219439
101,2017-11-19,8036.49,7766.03,8101.91,7694.1,3149320000,129595000000,0.380219439
102,2017-11-18,7790.15,7697.21,7884.99,7463.44,3667190000,128425000000,0.380219439
103,2017-11-17,7708.99,7853.57,8004.59,7561.09,4651670000,131026000000,0.380219439
104,2017-11-16,7871.69,7323.24,7967.38,7176.58,5123810000,122164000000,0.380219439
105,2017-11-15,7315.54,6634.76,7342.25,6634.76,4200880000,110667000000,0.380219439
106,2017-11-14,6635.75,6561.48,6764.98,6461.75,3197110000,109434000000,0.380219439
107,2017-11-13,6559.49,5938.25,6811.19,5844.29,6263250000,99029000000,0.380219439
108,2017-11-12,5950.07,6295.45,6625.05,5519.01,8957350000,104980000000,0.380219439
109,2017-11-11,6357.6,6618.61,6873.15,6204.22,4908680000,110362000000,0.380219439
110,2017-11-10,6618.14,7173.73,7312.0,6436.87,5208250000,119607000000,0.380219439
111,2017-11-09,7143.58,7446.83,7446.83,7101.52,3226250000,124146000000,0.380219439
112,2017-11-08,7459.69,7141.38,7776.42,7114.02,4602200000,119041000000,0.380219439
113,2017-11-07,7144.38,7023.1,7253.32,7023.1,2326340000,117056000000,0.380219439
114,2017-11-06,7022.76,7403.22,7445.77,7007.31,3111900000,123379000000,0.380219439
115,2017-11-05,7407.41,7404.52,7617.48,7333.19,2380410000,123388000000,0.380219439
116,2017-11-04,7379.95,7164.48,7492.86,7031.28,2483800000,119376000000,0.380219439
117,2017-11-03,7207.76,7087.53,7461.29,7002.94,3369860000,118084000000,0.380219439
118,2017-11-02,7078.5,6777.77,7367.33,6758.72,4653770000,112910000000,0.380219439
119,2017-11-01,6767.31,6440.97,6767.31,6377.88,2870320000,107287000000,0.380219439
120,2017-10-31,6468.4,6132.02,6470.43,6103.33,2311380000,102130000000,0.380219439
121,2017-10-30,6130.53,6114.85,6214.99,6040.85,1772150000,101833000000,0.380219439
122,2017-10-29,6153.85,5754.44,6255.71,5724.58,2859040000,95819800000,0.380219439
123,2017-10-28,5753.09,5787.82,5876.72,5689.19,1403920000,96369600000,0.380219439
124,2017-10-27,5780.9,5899.74,5988.39,5728.82,1710130000,98225400000,0.380219439
125,2017-10-26,5904.83,5747.95,5976.8,5721.22,1905040000,95685100000,0.380219439
126,2017-10-25,5750.8,5524.6,5754.33,5397.88,1966990000,91954200000,0.380219439
127,2017-10-24,5526.64,5935.52,5935.52,5504.18,2735700000,98781600000,0.380219439
128,2017-10-23,5930.32,6006.0,6075.59,5732.47,2401840000,99941600000,0.380219439
129,2017-10-22,6008.42,6036.66,6076.26,5792.34,2034630000,100438000000,0.380219439
130,2017-10-21,6031.6,5996.79,6194.88,5965.07,2207100000,99763200000,0.380219439
131,2017-10-20,6011.45,5708.11,6060.11,5627.23,2354430000,94947900000,0.380219439
132,2017-10-19,5708.52,5583.74,5744.35,5531.06,1780540000,92867000000,0.380219439
133,2017-10-18,5590.69,5603.82,5603.82,5151.44,2399270000,93190200000,0.380219439
134,2017-10-17,5605.51,5741.58,5800.35,5472.72,1821570000,95469300000,0.380219439
135,2017-10-16,5725.59,5687.57,5776.23,5544.21,2008070000,94559000000,0.380219439
136,2017-10-15,5678.19,5835.96,5852.48,5478.61,1976040000,97011900000,0.380219439
137,2017-10-14,5831.79,5643.53,5837.7,5591.64,1669030000,93803000000,0.380219439
138,2017-10-13,5647.21,5464.16,5840.3,5436.85,3615480000,90812400000,0.380219439
139,2017-10-12,5446.91,4829.58,5446.91,4822.0,2791610000,80256700000,0.380219439
140,2017-10-11,4826.48,4789.25,4873.73,4751.63,1222280000,79578200000,0.380219439
141,2017-10-10,4781.99,4776.21,4922.17,4765.1,1597140000,79351800000,0.380219439
142,2017-10-09,4772.02,4614.52,4878.71,4564.25,1968740000,76656500000,0.380219439
143,2017-10-08,4610.48,4429.67,4624.14,4405.64,1313870000,73575400000,0.380219439
144,2017-10-07,4426.89,4369.35,4443.88,4321.05,906928000,72565100000,0.380219439
145,2017-10-06,4370.81,4324.46,4413.27,4320.53,1069940000,71810600000,0.380219439
146,2017-10-05,4328.41,4229.88,4362.64,4164.05,1161770000,70233700000,0.380219439
147,2017-10-04,4229.36,4319.37,4352.31,4210.42,1116770000,71712500000,0.380219439
148,2017-10-03,4317.48,4408.46,4432.47,4258.89,1288020000,73181300000,0.380219439
149,2017-10-02,4409.32,4395.81,4470.23,4377.46,1431730000,72963200000,0.2505911695
150,2017-10-01,4403.74,4341.05,4403.74,4269.81,1208210000,72047300000,0.28830439809999997
151,2017-09-30,4338.71,4166.11,4358.43,4160.86,1207450000,69136600000,0.2287110906
152,2017-09-29,4163.07,4171.62,4214.63,4039.29,1367050000,69219200000,0.38062782590000005
153,2017-09-28,4174.73,4197.13,4279.31,4109.7,1712320000,69633200000,0.24809526010000002
154,2017-09-27,4200.67,3892.94,4210.05,3884.82,1686880000,64579200000,0.262542908
155,2017-09-26,3892.35,3928.41,3969.89,3869.9,1043740000,65161000000,0.262542908
156,2017-09-25,3926.07,3681.58,3950.25,3681.58,1374210000,61061100000,0.3471517822
157,2017-09-24,3682.84,3796.15,3796.15,3666.9,768015000,62954300000,0.3069042819
158,2017-09-23,3792.4,3629.92,3819.21,3594.58,928114000,60190000000,0.2274056841
159,2017-09-22,3630.7,3628.02,3758.27,3553.53,1194830000,60152300000,0.0767356091
160,2017-09-21,3631.04,3901.47,3916.42,3613.63,1411480000,64677600000,0.3186415442
161,2017-09-20,3905.95,3916.36,4031.39,3857.73,1213830000,64918500000,0.3186415442
162,2017-09-19,3924.97,4073.79,4094.07,3868.87,1563980000,67520300000,0.1980971309
163,2017-09-18,4065.2,3591.09,4079.23,3591.09,1943210000,59514100000,0.3049536212
164,2017-09-17,3582.88,3606.28,3664.81,3445.64,1239150000,59757800000,0.2927491133
165,2017-09-16,3625.04,3637.75,3808.84,3487.79,1818400000,60271600000,0.2596776887
166,2017-09-15,3637.52,3166.3,3733.45,2946.62,4148070000,52453500000,0.2528451111
167,2017-09-14,3154.95,3875.37,3920.6,3153.86,2716310000,64191600000,0.09739457147
168,2017-09-13,3882.59,4131.98,4131.98,3789.92,2219410000,68432200000,0.16079828710000002
169,2017-09-12,4130.81,4168.88,4344.65,4085.22,1864530000,69033400000,0.2559184592
170,2017-09-11,4161.27,4122.47,4261.67,4099.4,1557330000,68256000000,0.346772363
171,2017-09-10,4122.94,4229.34,4245.44,3951.04,1679090000,70018100000,0.29176208940000004
172,2017-09-09,4226.06,4229.81,4308.82,4114.11,1386230000,70017200000,0.3370602849
173,2017-09-08,4228.75,4605.16,4661.0,4075.18,2700890000,76220200000,0.1101894924
174,2017-09-07,4599.88,4589.14,4655.04,4491.33,1844620000,75945000000,0.240134391
175,2017-09-06,4597.12,4376.59,4617.25,4376.59,2172100000,72418700000,0.1758738161
176,2017-09-05,4376.53,4228.29,4427.84,3998.11,2697970000,69954400000,0.258582153
177,2017-09-04,4236.31,4591.63,4591.63,4108.4,2987330000,75955500000,0.33631592130000004
178,2017-09-03,4582.96,4585.27,4714.08,4417.59,1933190000,75841700000,0.3452091437
179,2017-09-02,4578.77,4901.42,4975.04,4469.24,2722140000,81060600000,0.4102468386
180,2017-09-01,4892.01,4701.76,4892.01,4678.53,2599080000,77748400000,0.3496164131
181,2017-08-31,4703.39,4555.59,4736.05,4549.4,1944930000,75322300000,0.37198177060000004
182,2017-08-30,4565.3,4570.36,4626.52,4471.41,1937850000,75556600000,0.2539428855
183,2017-08-29,4579.02,4389.21,4625.68,4352.13,2486080000,72553800000,0.2187467694
184,2017-08-28,4382.66,4384.45,4403.93,4224.64,1959330000,72467900000,0.2187467694
185,2017-08-27,4382.88,4345.1,4416.59,4317.29,1537460000,71809200000,0.35980570729999994
186,2017-08-26,4352.4,4372.06,4379.28,4269.52,1511610000,72249100000,0.26887507829999996
187,2017-08-25,4371.6,4332.82,4455.7,4307.35,1727970000,71595100000,0.2240388395
188,2017-08-24,4334.68,4137.6,4376.39,4130.26,2037750000,68363900000,0.1603524857
189,2017-08-23,4151.52,4089.01,4255.78,4078.41,2369820000,67553000000,0.18468143539999998
190,2017-08-22,4100.52,3998.35,4128.76,3674.58,3764240000,66051000000,0.3523245671
191,2017-08-21,4001.74,4090.48,4109.14,3988.6,2800890000,67567100000,0.3151493557
192,2017-08-20,4087.66,4189.31,4196.29,4069.88,2109770000,69192700000,0.1087603575
193,2017-08-19,4193.7,4137.75,4243.26,3970.55,2975820000,68333100000,0.2738364236
194,2017-08-18,4160.62,4324.34,4370.13,4015.4,2941710000,71406500000,0.2287504066
195,2017-08-17,4331.69,4384.44,4484.7,4243.71,2553360000,72389100000,0.2979687849
196,2017-08-16,4376.63,4200.34,4381.23,3994.42,2272040000,69342700000,0.1527653072
197,2017-08-15,4181.93,4326.99,4455.97,3906.18,3258050000,71425500000,0.1509108931
198,2017-08-14,4325.13,4066.1,4325.13,3989.16,2463090000,67112300000,0.3037406791
199,2017-08-13,4073.26,3880.04,4208.39,3857.8,3159090000,64034100000,0.37456593039999997
200,2017-08-12,3884.71,3650.63,3949.92,3613.7,2219590000,60242100000,0.34140746240000003
201,2017-08-11,3650.62,3373.82,3679.72,3372.12,2021190000,55668000000,0.37583297460000004
202,2017-08-10,3381.28,3341.84,3453.45,3319.47,1515110000,55134700000,0.24312787800000002
203,2017-08-09,3342.47,3420.4,3422.76,3247.67,1468960000,56424900000,0.16266069619999998
204,2017-08-08,3419.94,3370.22,3484.85,3345.83,1752760000,55590300000,0.37512618270000003
205,2017-08-07,3378.94,3212.78,3397.68,3180.89,1482280000,52987300000,0.3620419193
206,2017-08-06,3213.94,3257.61,3293.29,3155.6,1105030000,53720900000,0.4232222786
207,2017-08-05,3252.91,2897.63,3290.01,2874.83,1945700000,47778200000,0.03370941543
208,2017-08-04,2895.89,2806.93,2899.33,2743.72,1002120000,46276200000,0.2959419358
209,2017-08-03,2804.73,2709.56,2813.31,2685.14,804797000,44666400000,0.43510437
210,2017-08-02,2710.67,2727.13,2762.53,2668.59,1094950000,44950800000,0.5045077403
211,2017-08-01,2718.26,2871.3,2921.35,2685.61,1324670000,47321800000,0.38579380420000003
212,2017-07-31,2875.34,2763.24,2889.62,2720.61,860575000,45535800000,0.20538887670000003
213,2017-07-30,2757.18,2724.39,2758.53,2644.85,705943000,44890700000,0.20538887670000003
214,2017-07-29,2726.45,2807.02,2808.76,2692.8,803746000,46246700000,0.21995154179999998
215,2017-07-28,2809.01,2679.73,2897.45,2679.73,1380100000,44144400000,0.2540792928
216,2017-07-27,2671.78,2538.71,2693.32,2529.34,789104000,41816500000,0.28000759989999996
217,2017-07-26,2529.45,2577.77,2610.76,2450.8,937404000,42455000000,0.2997953367
218,2017-07-25,2576.48,2757.5,2768.08,2480.96,1460090000,45410100000,0.11495734210000001
219,2017-07-24,2754.86,2732.7,2777.26,2699.19,866474000,44995600000,0.5002746637
220,2017-07-23,2730.4,2808.1,2832.18,2653.94,1072840000,46231100000,0.43108252350000004
221,2017-07-22,2810.12,2668.63,2862.42,2657.71,1177130000,43929600000,0.2777090506
222,2017-07-21,2667.76,2838.41,2838.41,2621.85,1489450000,46719000000,0.48549685789999997
223,2017-07-20,2817.6,2269.89,2900.7,2269.89,2249260000,37356800000,0.33767697409999997
224,2017-07-19,2273.43,2323.08,2397.17,2260.23,1245100000,38227800000,0.2587748672
225,2017-07-18,2318.88,2233.52,2387.61,2164.77,1512450000,36749400000,0.3923771024
226,2017-07-17,2228.41,1932.62,2230.49,1932.62,1201760000,31795000000,0.46852220990000004
227,2017-07-16,1929.82,1991.98,2058.77,1843.03,1182870000,32767600000,0.3360522453
228,2017-07-15,1998.86,2230.12,2231.14,1990.41,993608000,36681300000,0.1259739487
229,2017-07-14,2233.34,2360.59,2363.25,2183.22,882503000,38823100000,0.4542367943
230,2017-07-13,2357.9,2402.7,2425.22,2340.83,835770000,39511000000,0.1540623523
231,2017-07-12,2398.84,2332.77,2423.71,2275.14,1117410000,38355900000,0.2909483544
232,2017-07-11,2337.79,2385.89,2413.47,2296.81,1329760000,39224200000,0.3886238479
233,2017-07-10,2372.56,2525.25,2537.16,2321.13,1111200000,41509000000,0.5106143406
234,2017-07-09,2518.44,2572.61,2635.49,2517.59,527856000,42283200000,0.5106143406
235,2017-07-08,2571.34,2520.27,2571.34,2492.31,733330000,41417700000,0.21502846350000002
236,2017-07-07,2518.66,2608.59,2916.14,2498.87,917412000,42864200000,0.4153044372
237,2017-07-06,2608.56,2608.1,2616.72,2581.69,761957000,42851400000,0.3480927642
238,2017-07-05,2601.99,2602.87,2622.65,2538.55,941566000,42760800000,0.1869448478
239,2017-07-04,2601.64,2561.0,2631.59,2559.35,985516000,42067900000,0.09310500971
240,2017-07-03,2564.06,2498.56,2595.0,2480.47,964112000,41037200000,0.06696653135
241,2017-07-02,2506.47,2436.4,2514.28,2394.84,803747000,40010500000,0.18882317329999998
242,2017-07-01,2434.55,2492.6,2515.27,2419.23,779914000,40928200000,0.2905912254
243,2017-06-30,2480.84,2539.24,2559.25,2478.43,860273000,41689100000,0.268334072
244,2017-06-29,2539.32,2567.56,2588.83,2510.48,949979000,42150300000,0.2703343363
245,2017-06-28,2574.79,2553.03,2603.98,2484.42,1183870000,41906700000,0.11723817519999999
246,2017-06-27,2552.45,2478.45,2552.45,2332.99,1489790000,40677900000,0.1766515075
247,2017-06-26,2478.45,2590.57,2615.25,2376.29,1663280000,42514000000,0.27715151039999997
248,2017-06-25,2589.41,2607.25,2682.26,2552.12,1161100000,42783800000,0.2168574973
249,2017-06-24,2608.72,2738.52,2757.94,2583.19,982750000,44932900000,0.3185033161
250,2017-06-23,2744.91,2707.34,2765.17,2706.37,961319000,44415900000,0.3002108715
251,2017-06-22,2705.41,2691.03,2723.74,2642.36,1097940000,44143700000,0.3063278445
252,2017-06-21,2689.1,2709.43,2772.01,2660.4,1626580000,44440800000,0.1894560171
253,2017-06-20,2721.79,2591.26,2763.45,2589.82,1854190000,42498000000,0.1554082426
254,2017-06-19,2589.6,2549.03,2662.85,2549.03,1446840000,41800600000,0.35493137469999997
255,2017-06-18,2548.29,2655.35,2662.1,2516.33,1178660000,43539300000,0.3774529849
256,2017-06-17,2655.88,2514.01,2685.19,2484.96,1534510000,41217200000,0.16775299189999998
257,2017-06-16,2518.56,2469.57,2539.92,2385.15,1195190000,40484100000,0.16775299189999998
258,2017-06-15,2464.58,2499.58,2534.71,2212.96,2026260000,40971300000,0.2472967618
259,2017-06-14,2506.37,2716.88,2786.83,2412.94,1696560000,44528300000,0.1485524892
260,2017-06-13,2717.02,2680.91,2789.04,2650.38,1781200000,43934100000,-0.040371922819999996
261,2017-06-12,2659.63,2953.22,2997.26,2518.56,2569530000,48391200000,0.2635892723
262,2017-06-11,2958.11,2942.41,2996.6,2840.53,1752400000,48208700000,0.383374189
263,2017-06-10,2947.71,2828.14,2950.99,2746.55,2018890000,46331400000,0.3839414408
264,2017-06-09,2823.81,2807.44,2901.71,2795.62,1348950000,45987100000,0.1026646063
265,2017-06-08,2805.62,2720.49,2815.3,2670.95,1281170000,44557100000,0.1778802234
266,2017-06-07,2732.16,2869.38,2869.38,2700.56,1517710000,46989800000,0.3772674227
267,2017-06-06,2863.2,2690.84,2999.91,2690.84,2089610000,44061000000,0.17640603920000003
268,2017-06-05,2686.81,2512.4,2686.81,2510.22,1369310000,41133900000,0.3080880856
269,2017-06-04,2511.81,2547.79,2585.89,2452.54,1355120000,41708200000,0.228739501
270,2017-06-03,2515.35,2493.72,2581.91,2423.57,1514950000,40817100000,0.3195995141
271,2017-06-02,2488.55,2404.03,2488.55,2373.32,1317030000,39344600000,0.2410131996
272,2017-06-01,2407.88,2288.33,2448.39,2288.33,1653180000,37446200000,0.1701241143
273,2017-05-31,2286.41,2187.19,2311.08,2145.57,1544830000,35786700000,0.07014599143
274,2017-05-30,2175.47,2255.36,2301.96,2124.57,1443970000,36897000000,0.2120864947
275,2017-05-29,2255.61,2159.43,2307.05,2107.17,994625000,35323500000,0.2120864947
276,2017-05-28,2155.8,2054.08,2267.34,2054.08,1147140000,33595900000,0.2497038827
277,2017-05-27,2038.87,2196.27,2260.2,1855.83,1700480000,35917100000,0.2123802341
278,2017-05-26,2202.42,2320.89,2573.79,2071.99,1763480000,37950600000,0.4586725585
279,2017-05-25,2304.98,2446.24,2763.71,2285.3,2406700000,39995400000,0.3496578489
280,2017-05-24,2443.64,2321.37,2523.72,2321.37,1725380000,37949200000,0.265756428
281,2017-05-23,2320.42,2191.56,2320.82,2178.5,1378750000,35822600000,0.4040768134
282,2017-05-22,2173.4,2043.19,2303.9,2017.87,1942220000,33393600000,0.17056525329999997
283,2017-05-21,2041.2,2067.03,2119.08,2037.5,1147860000,33779400000,0.3477333771
284,2017-05-20,2084.73,1984.24,2084.73,1974.92,961336000,32422400000,0.38719561399999997
285,2017-05-19,1987.71,1897.37,2004.52,1890.25,1157290000,30999000000,0.2713721655
286,2017-05-18,1888.65,1818.7,1904.48,1807.12,894321000,29710500000,0.16802333079999998
287,2017-05-17,1839.09,1726.73,1864.05,1661.91,1064730000,28204800000,0.3408091753
288,2017-05-16,1734.45,1741.7,1785.94,1686.54,959045000,28446300000,0.09615415156
289,2017-05-15,1738.43,1808.44,1812.8,1708.54,731529000,29532600000,0.31667741050000003
290,2017-05-14,1808.91,1800.86,1831.42,1776.62,437196000,29405100000,0.31667741050000003
291,2017-05-13,1804.91,1723.12,1812.99,1651.08,579635000,28132300000,0.196398057
292,2017-05-12,1724.24,1845.76,1856.15,1694.01,740984000,30131100000,0.4489405332
293,2017-05-11,1848.57,1780.37,1873.93,1755.35,799490000,29060600000,0.3571365451
294,2017-05-10,1787.13,1756.52,1788.44,1719.1,915723000,28668100000,0.09300275107000001
295,2017-05-09,1755.36,1723.89,1833.49,1716.3,1167920000,28132200000,0.4622597164
296,2017-05-08,1723.35,1596.92,1723.35,1596.92,1340320000,26056500000,0.48518585159999994
297,2017-05-07,1596.71,1579.47,1596.72,1559.76,1080030000,25768500000,0.26710718850000004
298,2017-05-06,1578.8,1556.81,1578.8,1542.5,582530000,25395600000,0.3301874089
299,2017-05-05,1555.45,1540.87,1618.03,1530.31,946036000,25133100000,0.4239203443
300,2017-05-04,1537.67,1490.72,1608.91,1490.72,933549000,24311900000,0.19717928199999998
301,2017-05-03,1490.09,1453.78,1492.77,1447.49,583796000,23707100000,0.3043593035
302,2017-05-02,1452.82,1421.03,1473.9,1415.69,477338000,23170200000,0.2583617278
303,2017-05-01,1421.6,1348.3,1434.32,1348.3,713624000,21981800000,0.1548289066
304,2017-04-30,1347.89,1321.87,1347.91,1314.92,413115000,21548400000,0.1299074458
305,2017-04-29,1321.79,1317.84,1327.2,1315.21,422706000,21479800000,0.2280085211
306,2017-04-28,1316.48,1317.74,1331.28,1292.37,527489000,21476000000,0.24882888190000002
307,2017-04-27,1317.73,1281.88,1319.7,1281.3,449197000,20889200000,0.1163740939
308,2017-04-26,1281.08,1265.99,1294.83,1265.93,329631000,20627900000,0.2164335516
309,2017-04-25,1265.49,1250.45,1267.58,1249.97,242556000,20372300000,0.2390139402
310,2017-04-24,1250.15,1209.63,1250.94,1209.63,235806000,19705400000,0.319911964
311,2017-04-23,1207.21,1231.92,1232.2,1203.94,258951000,20066200000,0.3832959983
312,2017-04-22,1231.71,1222.71,1235.56,1208.47,249320000,19913900000,0.4756622159
313,2017-04-21,1222.05,1229.42,1235.94,1215.56,272167000,20020700000,0.3326870203
314,2017-04-20,1229.08,1211.08,1240.79,1208.41,315108000,19719900000,0.1135568942
315,2017-04-19,1210.29,1212.13,1215.51,1205.08,288061000,19734800000,0.08850622377999999
316,2017-04-18,1211.67,1193.77,1217.57,1193.77,270524000,19433800000,0.3103991938
317,2017-04-17,1193.91,1183.25,1194.9,1172.65,253206000,19260500000,0.3201535482
318,2017-04-16,1182.94,1172.61,1187.22,1172.61,183231000,19085100000,0.2668320515
319,2017-04-15,1172.52,1167.3,1188.0,1164.96,203559000,18996500000,0.3146846906
320,2017-04-14,1167.54,1170.33,1190.8,1159.79,254827000,19043800000,0.1877606628
321,2017-04-13,1169.28,1201.02,1205.89,1156.44,351969000,19541300000,0.3861244498
322,2017-04-12,1200.37,1204.81,1207.14,1196.76,288702000,19600800000,0.3245588418
323,2017-04-11,1205.01,1187.46,1208.07,1187.46,216182000,19316000000,0.2706404838
324,2017-04-10,1187.13,1187.3,1190.34,1179.04,215883000,19311200000,0.05208776328
325,2017-04-09,1187.87,1176.57,1197.21,1171.86,242343000,19134400000,0.1408139137
326,2017-04-08,1175.95,1172.65,1184.98,1162.58,209312000,19068600000,0.01800544284
327,2017-04-07,1176.9,1178.94,1186.58,1163.39,317022000,19168500000,0.1019746441
328,2017-04-06,1182.68,1125.81,1188.37,1125.81,511222000,18302600000,0.2107006905
329,2017-04-05,1124.78,1134.14,1135.09,1113.63,414784000,18435700000,0.3168976695
330,2017-04-04,1133.25,1145.52,1156.44,1120.52,436310000,18619000000,0.3130415264
331,2017-04-03,1143.81,1102.95,1151.74,1102.95,580444000,17924600000,0.2937196951
332,2017-04-02,1102.17,1080.61,1107.59,1075.45,514187000,17559400000,0.2020168499
333,2017-04-01,1080.5,1071.71,1091.72,1061.09,289634000,17413000000,0.3477914602
334,2017-03-31,1071.79,1026.64,1074.92,1026.64,447287000,16679000000,0.193317162
335,2017-03-30,1026.43,1042.21,1049.29,1020.04,352969000,16929800000,0.128002386
336,2017-03-29,1039.97,1046.08,1055.13,1015.88,298458000,16990900000,0.2083495698
337,2017-03-28,1047.15,1044.58,1064.65,1027.73,326332000,16964500000,0.08202415035
338,2017-03-27,1045.77,972.05,1046.4,971.98,372535000,15785000000,0.1912189127
339,2017-03-26,966.73,974.01,1007.96,954.19,303668000,15814800000,0.3377577172
340,2017-03-25,972.78,936.54,975.76,903.71,435803000,15204800000,0.1665422566
341,2017-03-24,937.52,1038.45,1040.47,934.36,491038000,16857000000,0.3380867839
342,2017-03-23,1038.59,1050.05,1058.01,1028.93,248540000,17043400000,0.02211859306
343,2017-03-22,1049.14,1120.65,1120.65,1014.21,380841000,18187100000,0.2976134406
344,2017-03-21,1120.54,1055.36,1122.43,1055.36,337391000,17125600000,0.1476428904
345,2017-03-20,1054.23,1037.24,1063.03,1036.68,286530000,16829800000,0.25813452010000004
346,2017-03-19,1036.74,976.73,1069.91,976.73,406648000,15846000000,0.3342619767
347,2017-03-18,973.82,1099.69,1114.07,957.65,621302000,17838700000,0.1796406997
348,2017-03-17,1100.23,1180.16,1180.16,1099.57,706599000,19141800000,0.3857216283
349,2017-03-16,1187.81,1251.33,1257.98,1152.44,638568000,20293700000,0.1685961796
350,2017-03-15,1249.61,1240.16,1251.61,1239.75,297805000,20110400000,0.34317467079999997
351,2017-03-14,1240.0,1232.16,1244.81,1220.72,245306000,19978200000,0.20229882289999998
352,2017-03-13,1231.92,1221.78,1237.37,1217.03,380277000,19807700000,0.09448256062
353,2017-03-12,1221.38,1176.62,1226.98,1175.36,227176000,19073300000,0.1898471871
354,2017-03-11,1175.83,1116.32,1193.83,1116.32,283320000,18093700000,0.30223970510000003
355,2017-03-10,1116.72,1189.36,1270.47,1077.25,563796000,19275300000,0.2936294102
356,2017-03-09,1188.49,1150.35,1197.46,1141.23,212283000,18640900000,0.3733741707
357,2017-03-08,1150.0,1223.23,1232.16,1148.08,332603000,19819800000,0.2502409616
358,2017-03-07,1223.54,1273.21,1275.55,1204.8,291256000,20627100000,0.3941018611
359,2017-03-06,1272.83,1267.47,1276.0,1264.6,153657000,20531900000,0.35426351009999996
360,2017-03-05,1267.12,1254.29,1267.29,1238.06,134127000,20316000000,0.278972741
361,2017-03-04,1255.15,1277.43,1279.4,1230.51,183270000,20688800000,0.3314061862
362,2017-03-03,1274.99,1250.71,1280.31,1250.71,315739000,20253700000,0.3164806096
363,2017-03-02,1251.01,1224.68,1262.13,1215.62,368275000,19829800000,0.2887839246
364,2017-03-01,1222.5,1180.04,1222.5,1179.69,229057000,19104800000,0.40588685049999995
365,2017-02-28,1179.97,1180.72,1193.25,1171.82,184956000,19113600000,0.2834104529
366,2017-02-27,1179.97,1163.78,1181.98,1163.38,131570000,18837300000,0.33673146369999996
367,2017-02-26,1165.2,1144.27,1167.47,1130.2,116486000,18518900000,0.2240637925
368,2017-02-25,1143.84,1170.41,1174.85,1124.59,139961000,18939500000,0.3007107343
369,2017-02-24,1173.68,1172.71,1200.39,1131.96,330759000,18974400000,0.3099757476
370,2017-02-23,1166.72,1117.27,1176.62,1116.96,189454000,18075200000,0.3212974309
371,2017-02-22,1117.44,1114.8,1125.39,1100.55,136100000,18033400000,0.34275875920000004
372,2017-02-21,1115.3,1079.28,1117.25,1076.93,186869000,17456900000,0.3019547488
373,2017-02-20,1079.98,1048.69,1080.49,1041.69,109478000,16960200000,0.1804013391
374,2017-02-19,1047.87,1054.76,1056.81,1043.46,77423300,17056600000,0.3132711342
375,2017-02-18,1054.42,1049.21,1061.1,1046.96,99073500,16964800000,0.2723475484
376,2017-02-17,1046.21,1026.12,1053.17,1025.64,136474000,16589600000,0.3801157652
377,2017-02-16,1027.44,1007.65,1033.37,1007.65,122277000,16289100000,0.2427104836
378,2017-02-15,1007.48,1006.21,1008.84,1001.58,89759400,16264100000,0.22444512149999998
379,2017-02-14,1004.55,991.74,1011.51,986.47,137946000,16028000000,0.3924237636
380,2017-02-13,990.64,998.88,1002.1,976.0,100607000,16141500000,0.440453073
381,2017-02-12,999.18,1003.52,1004.76,996.92,67530000,16214700000,0.2884606043
382,2017-02-11,1004.45,988.9,1009.29,982.83,102261000,15976700000,0.3633429868
383,2017-02-10,988.67,995.63,998.9,946.69,190452000,16083600000,0.318254899
384,2017-02-09,994.38,1064.7,1088.99,953.34,407220000,17197100000,0.3081420144
385,2017-02-08,1063.07,1062.32,1078.97,1037.49,201855000,17156700000,0.33637968659999995
386,2017-02-07,1061.35,1040.14,1061.93,1040.14,146007000,16796600000,0.24646417469999998
387,2017-02-06,1038.15,1028.4,1044.64,1028.16,111762000,16605400000,0.285480487
388,2017-02-05,1027.34,1043.52,1043.63,1022.37,114208000,16847400000,0.3765058714
389,2017-02-04,1042.9,1031.33,1045.9,1015.16,155064000,16648800000,0.3380776868
390,2017-02-03,1029.91,1011.46,1033.87,1008.79,201278000,16326100000,0.0
391,2017-02-02,1011.8,990.0,1013.52,983.22,145821000,15977800000,0.0
392,2017-02-01,989.02,970.94,989.11,970.74,150110000,15667900000,0.398275948
393,2017-01-31,970.4,920.96,972.02,920.96,164582000,14859700000,0.07155334252000001
394,2017-01-30,920.38,920.15,923.05,919.47,78227300,14844900000,0.2213304187
395,2017-01-29,919.5,922.07,923.42,919.15,60851700,14874000000,0.2876780271
396,2017-01-28,921.59,919.81,923.91,919.81,68979600,14835800000,0.38002948090000005
397,2017-01-27,919.75,918.36,923.22,915.85,125594000,14810400000,0.288970847
398,2017-01-26,917.59,902.39,919.33,902.22,131958000,14551200000,0.39624662979999997
399,2017-01-25,901.54,891.92,903.25,891.69,120831000,14380700000,0.2482784618
400,2017-01-24,892.69,910.68,924.14,892.29,111349000,14681400000,0.18583339210000002
401,2017-01-23,921.01,925.5,928.27,916.74,73588600,14918800000,0.3465015381
402,2017-01-22,924.67,922.21,937.52,897.56,116573000,14863600000,0.46504713229999994
403,2017-01-21,921.79,895.55,927.37,895.53,111158000,14432000000,0.45491928670000004
404,2017-01-20,895.03,898.17,899.4,887.01,86728400,14472100000,0.2981663639
405,2017-01-19,899.07,888.34,904.61,884.34,105625000,14311700000,0.22691515539999998
406,2017-01-18,886.62,909.37,917.5,858.3,225677000,14648900000,0.44305754259999997
407,2017-01-17,907.94,830.95,910.56,830.8,155095000,13383900000,0.3047549938
408,2017-01-16,831.53,821.78,834.53,820.27,82755200,13234600000,0.34536157380000004
409,2017-01-15,821.8,818.14,823.31,812.87,71013600,13174300000,0.29702551850000003
410,2017-01-14,818.41,825.14,835.09,812.46,93063300,13285200000,0.3038003849
411,2017-01-13,823.98,803.74,829.0,780.0,168968000,12939100000,0.25818400420000004
412,2017-01-12,804.83,775.18,826.25,755.76,222326000,12477600000,0.3930190927
413,2017-01-11,777.76,908.12,919.45,762.76,310929000,14615700000,0.2780025473
414,2017-01-10,907.68,902.44,914.87,901.06,115808000,14522600000,0.39870320159999995
415,2017-01-09,902.83,913.24,913.69,879.81,141877000,14694900000,0.43120884049999997
416,2017-01-08,911.2,908.17,942.72,887.25,158715000,14611400000,0.3213078327
417,2017-01-07,908.59,903.49,908.59,823.56,279550000,14534400000,0.3048873988
418,2017-01-06,902.2,1014.24,1046.81,883.94,351876000,16314100000,0.46919773090000005
419,2017-01-05,1013.38,1156.73,1191.1,910.42,510199000,18604000000,0.46919773090000005
420,2017-01-04,1154.73,1044.4,1159.42,1044.4,344946000,16795400000,0.46919773090000005
421,2017-01-03,1043.84,1021.6,1044.08,1021.6,185168000,16426600000,0.3796964806
422,2017-01-02,1021.75,998.62,1031.39,996.7,222185000,16055100000,0.3796964806
423,2017-01-01,998.33,963.66,1003.08,958.7,147775000,15491200000,0.3796964806
424,2016-12-31,963.74,960.63,963.74,947.24,99135100,15440700000,0.35759348329999996
425,2016-12-30,961.24,972.53,972.53,934.83,187474000,15630200000,0.35759348329999996
426,2016-12-29,973.5,975.13,979.4,954.5,199320000,15670000000,0.35759348329999996
427,2016-12-28,975.92,934.83,975.92,934.83,236630000,15020500000,0.35759348329999996
428,2016-12-27,933.2,908.35,940.05,904.25,167308000,14593300000,0.3998722318
429,2016-12-26,907.61,896.9,913.18,896.9,123771000,14407800000,0.3998722318
430,2016-12-25,896.18,899.65,899.65,862.42,143665000,14450100000,0.3998722318
431,2016-12-24,898.82,922.18,923.48,886.34,137727000,14810300000,0.4277726025
432,2016-12-23,921.98,864.89,925.12,864.68,275564000,13888600000,0.4277726025
433,2016-12-22,864.54,834.18,875.78,834.15,200027000,13393800000,0.4277726025
434,2016-12-21,834.28,800.64,834.28,799.4,155576000,12853700000,0.28164835899999996
435,2016-12-20,800.88,792.25,801.34,791.5,99629300,12717600000,0.28164835899999996
436,2016-12-19,792.71,790.69,793.61,790.32,74886400,12691100000,0.28164835899999996
437,2016-12-18,790.53,791.01,794.74,788.03,60524400,12694800000,0.28164835899999996
438,2016-12-17,790.83,785.17,792.51,784.86,78989800,12599600000,0.28164835899999996
439,2016-12-16,784.91,778.96,785.03,778.96,83608200,12498800000,0.3796936736
440,2016-12-15,778.09,780.07,781.43,777.8,81580100,12511700000,0.3796936736
441,2016-12-14,781.48,780.0,782.03,776.84,75979000,12512900000,0.3796936736
442,2016-12-13,780.56,780.65,788.46,777.96,81645600,12521500000,0.3796936736
443,2016-12-12,780.09,770.04,781.92,770.04,76571000,12349800000,0.3796936736
444,2016-12-11,769.73,774.75,774.8,765.41,57313400,12423600000,0.3796936736
445,2016-12-10,774.65,773.02,777.09,772.91,53843100,12394500000,0.3796936736
446,2016-12-09,772.79,769.94,774.53,769.65,68705300,12344000000,0.43782319
447,2016-12-08,770.81,768.08,774.7,765.95,80111900,12312500000,0.43782319
448,2016-12-07,768.13,764.21,771.54,759.75,96426100,12248900000,0.43782319
449,2016-12-06,764.22,758.72,765.62,758.72,116218000,12159400000,0.43782319
450,2016-12-05,758.7,773.39,773.47,751.71,106363000,12393100000,0.43782319
451,2016-12-04,773.87,771.64,773.87,768.16,60557900,12363600000,0.43782319
452,2016-12-03,771.15,778.25,778.25,764.86,69547300,12467800000,0.43782319
453,2016-12-02,777.94,757.54,781.3,757.54,127605000,12134800000,0.293793262
454,2016-12-01,756.77,746.05,758.27,746.05,80461900,11949200000,0.293793262
455,2016-11-30,745.69,736.28,747.93,736.26,84070800,11791600000,0.293793262
456,2016-11-29,735.6,736.33,737.47,734.56,68511100,11790900000,0.293793262
457,2016-11-28,735.81,732.48,738.01,732.48,61888600,11727800000,0.293793262
458,2016-11-27,732.03,735.44,739.02,731.09,52601800,11773800000,0.293793262
459,2016-11-26,735.38,741.51,742.21,729.63,54962700,11869600000,0.3527110036
460,2016-11-25,741.65,740.44,741.65,734.59,67807600,11851100000,0.3527110036
461,2016-11-24,740.29,744.62,746.83,733.49,85919300,11916500000,0.3527110036
462,2016-11-23,744.59,751.74,752.25,738.92,76543800,12029000000,0.3527110036
463,2016-11-22,751.35,739.64,753.87,736.53,129906000,11834200000,0.3527110036
464,2016-11-21,739.25,731.26,741.72,730.51,60802400,11698900000,0.3527110036
465,2016-11-20,731.03,751.88,755.48,717.94,154116000,12027500000,0.3579517383
466,2016-11-19,751.62,751.83,756.24,744.47,110608000,12025400000,0.3579517383
467,2016-11-18,751.59,740.71,752.88,736.89,87363100,11846000000,0.3579517383
468,2016-11-17,740.98,744.88,755.64,739.51,108579000,11911300000,0.3579517383
469,2016-11-16,744.2,711.17,747.62,709.04,141294000,11370700000,0.3579517383
470,2016-11-15,711.62,705.79,715.72,705.26,72038500,11283400000,0.3579517383
471,2016-11-14,705.02,702.0,706.28,699.81,62993000,11214600000,0.3815485566
472,2016-11-13,702.03,705.2,705.26,687.32,80318100,11264500000,0.3815485566
473,2016-11-12,705.05,716.75,717.15,704.03,64622500,11447700000,0.3815485566
474,2016-11-11,716.41,715.55,718.32,714.41,63119700,11427200000,0.3815485566
475,2016-11-10,715.53,722.84,723.02,711.21,68807800,11542100000,0.4243532164
476,2016-11-09,723.27,709.83,740.05,708.61,132429000,11333000000,0.4243532164
477,2016-11-08,709.85,703.09,712.99,702.39,79660800,11224000000,0.4243532164
478,2016-11-07,703.13,710.74,710.74,699.9,65047100,11344800000,0.4243532164
479,2016-11-06,711.52,703.81,714.26,699.56,59902200,11233000000,0.4243532164
480,2016-11-05,703.42,703.52,707.51,697.74,53752300,11227200000,0.4243532164
481,2016-11-04,703.24,689.12,706.93,685.56,99907700,10996400000,0.37459906880000005
482,2016-11-03,688.7,742.35,745.77,678.16,172808000,11844300000,0.37459906880000005
483,2016-11-02,740.83,730.07,740.83,722.35,84865200,11647200000,0.37459906880000005
484,2016-11-01,729.79,701.34,736.45,701.34,130527000,11187700000,0.37459906880000005
485,2016-10-31,700.97,702.64,709.29,691.68,97064400,11207200000,0.4235125867
486,2016-10-30,701.86,714.12,714.12,696.48,100665000,11388800000,0.4235125867
487,2016-10-29,714.48,690.29,720.4,690.05,134761000,11007600000,0.4235125867
488,2016-10-28,689.65,688.0,690.44,684.16,81145500,10969800000,0.2648071391
489,2016-10-27,688.31,678.21,688.59,678.04,96105300,10812500000,0.2648071391
490,2016-10-26,678.3,657.68,679.73,657.68,88877100,10484000000,0.4281405567
491,2016-10-25,657.59,654.0,664.42,653.7,90378800,10424300000,0.3444665708
492,2016-10-24,653.76,657.16,657.25,652.6,62218200,10473500000,0.3444665708
493,2016-10-23,657.07,657.62,661.13,653.89,54474600,10479700000,0.3444665708
494,2016-10-22,657.29,633.14,658.2,632.85,78556500,10088400000,0.3444665708
495,2016-10-21,632.83,630.83,634.09,630.69,55951000,10050300000,0.3444665708
496,2016-10-20,630.86,630.66,631.92,628.26,56957300,10046700000,0.3632954194
497,2016-10-19,630.52,638.13,638.87,628.01,69381700,10164800000,0.3632954194
498,2016-10-18,637.96,639.41,640.74,636.0,65546700,10184000000,0.3632954194
499,2016-10-17,639.19,641.82,642.33,638.66,58063600,10221300000,0.4543979134
500,2016-10-16,641.63,639.08,642.9,638.9,40298100,10176800000,0.4543979134
501,2016-10-15,638.65,640.31,642.1,637.39,39035400,10195200000,0.2645992256
502,2016-10-14,640.38,637.01,641.28,637.01,58144600,10141600000,0.2645992256
503,2016-10-13,636.79,636.03,638.83,635.03,61620700,10125100000,0.2645992256
504,2016-10-12,636.19,640.87,641.34,635.97,92370200,10201000000,0.2645992256
505,2016-10-11,641.07,619.24,642.08,618.5,103590000,9855650000,0.2314932743
506,2016-10-10,618.99,616.82,621.32,616.2,67481100,9816270000,0.2314932743
507,2016-10-09,616.75,619.17,619.2,616.61,39243400,9852480000,0.2314932743
508,2016-10-08,619.11,617.34,619.85,617.34,42345900,9822100000,0.2314932743
509,2016-10-07,617.12,612.61,617.91,611.82,64071400,9745740000,0.4181447658
510,2016-10-06,613.02,612.47,613.82,611.47,56812100,9742370000,0.4181447658
511,2016-10-05,612.51,610.22,613.81,609.62,68077500,9705320000,0.4181447658
512,2016-10-04,610.2,612.05,612.05,609.48,49801600,9733330000,0.4181447658
513,2016-10-03,612.13,610.97,612.57,610.46,46798300,9714980000,0.3923693
514,2016-10-02,610.89,613.95,614.0,609.68,39249800,9761330000,0.3923693
515,2016-10-01,613.98,609.93,615.24,609.93,56357000,9696280000,0.3923693
516,2016-09-30,609.74,605.72,609.74,604.14,56122400,9628250000,0.3923693
517,2016-09-29,605.69,605.02,606.82,604.85,55658600,9616160000,0.3923693
518,2016-09-28,604.73,606.24,606.59,604.61,48722600,9634530000,0.3923693
519,2016-09-27,606.17,608.02,608.25,604.11,49422400,9661590000,0.3667874882
520,2016-09-26,608.04,600.81,608.14,600.35,59153800,9545830000,0.3667874882
521,2016-09-25,600.83,602.75,603.38,599.71,33977800,9575360000,0.3667874882
522,2016-09-24,602.63,602.96,604.58,602.04,35359500,9577520000,0.3667874882
523,2016-09-23,602.84,596.2,603.21,595.79,51067000,9469130000,0.3667874882
524,2016-09-22,596.3,597.28,598.49,596.21,67085300,9485280000,0.3667874882
525,2016-09-21,597.15,603.59,603.59,595.88,82776200,9584260000,0.3667874882
526,2016-09-20,608.31,609.25,609.52,607.94,72710900,9673140000,0.3667874882
527,2016-09-19,609.23,609.87,610.93,608.27,54796400,9681960000,0.4195030347
528,2016-09-18,609.87,606.28,610.16,605.86,48679400,9623950000,0.4195030347
529,2016-09-17,605.98,607.22,607.86,605.19,37140300,9637600000,0.4195030347
530,2016-09-16,606.97,607.25,609.26,606.74,64963400,9637020000,0.4195030347
531,2016-09-15,607.15,610.59,611.09,607.15,59464600,9688940000,0.4195030347
532,2016-09-14,610.68,608.84,611.95,608.41,47877700,9660080000,0.3058387625
533,2016-09-13,609.24,608.02,611.19,606.92,86920600,9645930000,0.3058387625
534,2016-09-12,608.24,607.0,608.46,605.41,72812300,9628560000,0.3058387625
535,2016-09-11,606.72,623.42,628.82,600.51,73610800,9887780000,0.3058387625
536,2016-09-10,623.51,622.93,625.1,622.39,45016800,9878730000,0.3058387625
537,2016-09-09,622.86,626.35,626.83,620.26,64550200,9931980000,0.3058387625
538,2016-09-08,626.32,614.63,628.77,613.84,86713000,9745120000,0.3058387625
539,2016-09-07,614.54,610.57,614.54,608.51,75032400,9679610000,0.3058387625
540,2016-09-06,610.44,606.51,610.83,605.09,78529100,9614140000,0.3058387625
541,2016-09-05,606.59,608.99,609.05,602.24,82446800,9652490000,0.3058387625
542,2016-09-04,608.63,598.59,611.84,596.85,97942900,9486370000,0.2770334921
543,2016-09-03,598.21,575.55,599.5,574.06,159014000,9120440000,0.2770334921
544,2016-09-02,575.54,572.41,575.64,570.81,79910800,9069550000,0.2770334921
545,2016-09-01,572.3,575.55,576.31,571.81,76923400,9118280000,0.2770334921
546,2016-08-31,575.47,577.59,577.86,573.64,75840900,9149730000,0.2770334921
547,2016-08-30,577.5,574.11,578.36,574.11,70342400,9093530000,0.2770334921
548,2016-08-29,574.11,574.07,576.28,573.47,110398000,9091830000,0.2770334921
549,2016-08-28,573.91,569.83,574.04,569.74,86301600,9023610000,0.2770334921
550,2016-08-27,569.95,579.45,579.85,568.63,59698300,9174990000,0.2770334921
551,2016-08-26,579.65,577.75,580.62,576.86,48856800,9147170000,0.2770334921
552,2016-08-25,577.76,580.18,580.45,575.17,136130000,9184700000,0.2770334921
553,2016-08-24,580.18,583.41,583.59,579.86,56328200,9234800000,0.2770334921
554,2016-08-23,583.41,586.77,589.47,581.63,85349200,9286930000,0.2770334921
555,2016-08-22,586.75,581.31,588.45,580.59,72844000,9199410000,0.2770334921
556,2016-08-21,581.31,581.94,584.16,580.22,38299400,9208210000,0.2770334921
557,2016-08-20,581.7,576.08,582.82,575.46,45301400,9114500000,0.2770334921
558,2016-08-19,575.63,574.34,578.24,574.18,50631600,9085820000,0.1239710453
559,2016-08-18,574.32,573.71,577.79,573.43,59896600,9074760000,0.1239710453
560,2016-08-17,573.22,577.76,580.89,571.43,54443000,9138030000,0.1239710453
561,2016-08-16,577.44,567.24,581.74,566.72,58405200,8970770000,0.1239710453
562,2016-08-15,567.24,570.49,573.58,563.24,57262300,9021180000,0.1239710453
563,2016-08-14,570.47,585.59,585.67,564.78,60851100,9258730000,0.1239710453
564,2016-08-13,585.59,587.36,589.77,584.98,43563000,9285530000,0.1239710453
565,2016-08-12,587.56,588.8,589.91,583.81,69218000,9307250000,0.1239710453
566,2016-08-11,589.12,592.12,597.54,589.12,74514400,9358770000,0.1239710453
567,2016-08-10,592.1,587.65,599.98,586.37,102905000,9286960000,0.1239710453
568,2016-08-09,587.8,591.04,591.09,584.79,92228100,9339660000,0.1239710453
569,2016-08-08,591.05,592.74,592.99,588.05,61194100,9365440000,0.1239710453
570,2016-08-07,592.69,587.77,597.51,586.82,82398400,9285940000,0.1815418104
571,2016-08-06,587.78,575.03,588.4,569.47,80797300,9083510000,0.1815418104
572,2016-08-05,575.04,578.28,578.28,569.98,66127900,9133690000,0.1815418104
573,2016-08-04,578.29,566.33,579.5,565.78,125292000,8943870000,0.1815418104
574,2016-08-03,566.36,548.66,573.36,541.55,207982000,8663670000,0.18362647350000003
575,2016-08-02,547.47,606.4,612.85,531.33,330933000,9574320000,0.393343448
576,2016-08-01,606.27,624.6,626.12,605.88,121887000,9860620000,0.1912125236
577,2016-07-31,624.68,655.1,655.28,624.37,110818000,10340900000,0.1912125236
578,2016-07-30,655.05,657.01,658.22,654.21,38456100,10370100000,0.2836800268
579,2016-07-29,656.99,655.11,657.8,654.79,60703500,10338900000,0.2836800268
580,2016-07-28,655.03,654.49,657.6,654.49,86428400,10328100000,0.2814179008
581,2016-07-27,654.35,651.63,657.46,648.45,147461000,10281900000,0.2814179008
582,2016-07-26,651.78,654.23,656.23,645.88,225135000,10321900000,0.34313962770000006
583,2016-07-25,654.1,661.26,661.83,653.39,78176500,10431900000,0.34313962770000006
584,2016-07-24,661.28,655.41,663.11,652.79,118184000,10338600000,0.2711219256
585,2016-07-23,655.56,650.73,656.37,648.52,69532200,10263700000,0.2711219256
586,2016-07-22,650.62,664.92,666.58,646.72,134169000,10486600000,0.2711219256
587,2016-07-21,665.01,665.23,666.22,660.41,60491800,10490300000,0.2711219256
588,2016-07-20,665.68,672.81,672.93,663.36,94636400,10608600000,0.2711219256
589,2016-07-19,672.86,672.74,673.28,667.63,61203300,10606500000,0.2390080406
590,2016-07-18,673.11,679.81,681.55,668.63,69465000,10716800000,0.2390080406
591,2016-07-17,679.46,661.99,682.37,661.99,74407900,10434700000,0.2390080406
592,2016-07-16,660.77,663.78,666.46,659.33,50330200,10461700000,0.278661738
593,2016-07-15,663.25,659.17,667.08,659.04,81673100,10387900000,0.278661738
594,2016-07-14,658.08,652.92,662.9,652.92,98511400,10288400000,0.278661738
595,2016-07-13,654.47,664.8,668.7,654.47,131449000,10474500000,0.2459323348
596,2016-07-12,664.55,648.28,675.26,646.78,138173000,10213100000,0.2459323348
597,2016-07-11,647.66,648.48,659.63,644.98,107910000,10215200000,0.2459323348
598,2016-07-10,649.36,650.6,652.29,641.26,102532000,10247300000,0.2459323348
599,2016-07-09,650.96,666.38,666.38,633.4,180536000,10493800000,0.254662235
600,2016-07-08,666.52,640.69,666.71,636.47,141970000,10086900000,0.254662235
601,2016-07-07,640.56,678.09,682.43,611.83,258091000,10673400000,0.254662235
602,2016-07-06,677.33,670.42,681.9,670.42,134961000,10550300000,0.2377765381
603,2016-07-05,670.63,683.21,683.49,665.07,130476000,10749100000,0.1550795454
604,2016-07-04,683.66,658.8,683.66,650.51,92008400,10362700000,0.2543687846
605,2016-07-03,658.66,704.97,704.97,649.01,129512000,11086100000,0.22386129670000002
606,2016-07-02,703.7,676.73,703.7,676.4,112354000,10639600000,0.22386129670000002
607,2016-07-01,676.3,672.51,686.15,669.59,134431000,10570600000,0.2686315382
608,2016-06-30,673.34,640.59,675.4,636.61,138980000,10066400000,0.2686315382
609,2016-06-29,639.89,644.12,644.68,628.28,142456000,10119600000,0.2686315382
610,2016-06-28,647.0,658.1,659.25,637.77,138385000,10336800000,0.36025354880000005
611,2016-06-27,655.27,629.35,655.27,620.52,122134000,9882840000,0.2762862604
612,2016-06-26,629.37,665.93,665.98,616.93,109225000,10454900000,0.2762862604
613,2016-06-25,665.12,665.28,691.73,646.56,126656000,10442000000,0.3640557327
614,2016-06-24,665.3,625.58,681.73,625.27,224317000,9816730000,0.3640557327
615,2016-06-23,623.98,597.44,629.33,558.14,253462000,9373190000,0.34282348799999995
616,2016-06-22,596.12,665.91,678.67,587.48,266393000,10445300000,0.29220762559999996
617,2016-06-21,666.65,735.88,735.88,639.07,309944000,11540000000,0.1892551974
618,2016-06-20,737.23,763.93,764.08,732.73,174511000,11976700000,0.1892551974
619,2016-06-19,763.78,756.69,766.62,745.63,136185000,11859800000,0.3540412869
620,2016-06-18,756.23,748.76,777.99,733.93,252718000,11732600000,0.0
621,2016-06-17,748.91,768.49,775.36,716.56,363321000,12038900000,0.3651345367
622,2016-06-16,766.31,696.52,773.72,696.52,271634000,10908900000,0.19111847780000002
623,2016-06-15,694.47,685.68,696.3,672.56,99223800,10736600000,0.19111847780000002
624,2016-06-14,685.56,704.5,704.5,662.8,186694000,11028900000,0.19111847780000002
625,2016-06-13,704.38,671.65,716.0,664.49,243295000,10511900000,0.445918317
626,2016-06-12,672.78,609.68,684.84,607.04,277085000,9539850000,0.445918317
627,2016-06-11,606.73,578.67,607.12,578.67,82357000,9052360000,0.445918317
628,2016-06-10,577.47,575.84,579.13,573.33,66991900,9005920000,0.445918317
629,2016-06-09,574.63,582.2,582.2,570.95,71301000,9103080000,0.445918317
630,2016-06-08,581.64,577.17,582.84,573.13,80265800,9022250000,0.2633669783
631,2016-06-07,576.6,585.45,590.26,567.51,107770000,9149580000,0.2633669783
632,2016-06-06,585.54,574.6,586.47,574.6,72138900,8977700000,0.2633669783
633,2016-06-05,574.98,573.31,582.81,569.18,68874100,8955060000,0.2633669783
634,2016-06-04,572.73,569.71,590.13,564.24,94925300,8897080000,0.17238167079999997
635,2016-06-03,569.19,537.68,574.64,536.92,122020000,8395070000,0.17238167079999997
636,2016-06-02,537.97,536.51,540.35,533.08,60378200,8375000000,0.17238167079999997
637,2016-06-01,536.92,531.11,543.08,525.64,86061800,8288680000,0.17238167079999997
638,2016-05-31,531.39,534.19,546.62,520.66,138450000,8335100000,0.37385750630000003
639,2016-05-30,533.86,528.47,544.35,522.96,87958700,8243960000,0.37385750630000003
640,2016-05-29,526.23,527.48,553.96,512.18,148737000,8226500000,0.37385750630000003
641,2016-05-28,530.04,473.03,533.47,472.7,181199000,7375780000,0.37385750630000003
642,2016-05-27,473.46,453.52,478.15,453.52,164781000,7070010000,0.2454993946
643,2016-05-26,453.38,449.67,453.64,447.9,65203800,7008500000,0.3056005079
644,2016-05-25,449.6,446.06,450.3,446.06,65231000,6950690000,0.3056005079
645,2016-05-24,445.98,444.29,447.1,443.93,65783100,6921460000,0.3056005079
646,2016-05-23,444.15,439.35,444.35,438.82,50582500,6842470000,0.19595937260000001
647,2016-05-22,439.32,443.22,443.43,439.04,39657600,6900700000,0.19595937260000001
648,2016-05-21,443.19,442.97,443.78,441.71,42762300,6895230000,0.19595937260000001
649,2016-05-20,442.68,437.79,444.05,437.39,81987900,6813080000,0.2281858162
650,2016-05-19,438.71,454.52,454.63,438.71,96027400,7072090000,0.2281858162
651,2016-05-18,454.62,453.69,456.0,453.3,86850100,7057390000,0.2281858162
652,2016-05-17,453.78,454.01,455.07,453.61,64100300,7060730000,0.335642816
653,2016-05-16,454.16,457.59,458.2,452.94,59171500,7114740000,0.335642816
654,2016-05-15,457.57,455.76,458.69,455.46,28514000,7084760000,0.335642816
655,2016-05-14,455.67,455.82,456.84,454.79,37209000,7084100000,0.335642816
656,2016-05-13,455.67,454.85,457.06,453.45,60845000,7067270000,0.45336031369999996
657,2016-05-12,454.77,452.45,454.95,449.25,59849300,7028330000,0.358786981
658,2016-05-11,452.73,450.86,454.58,450.86,50605200,7002230000,0.358786981
659,2016-05-10,450.89,460.52,461.93,448.95,58956100,7150370000,0.358786981
660,2016-05-09,460.48,458.21,462.48,456.53,55493100,7112510000,0.358786981
661,2016-05-08,458.55,458.43,459.42,455.98,40315000,7114060000,0.358786981
662,2016-05-07,458.54,459.64,460.68,457.32,38364500,7131120000,0.291440921
663,2016-05-06,459.6,447.94,461.38,447.07,72796800,6947800000,0.291440921
664,2016-05-05,447.98,446.71,448.51,445.88,50440800,6926990000,0.291440921
665,2016-05-04,446.72,450.18,450.38,445.63,50407300,6978950000,0.291440921
666,2016-05-03,450.3,444.73,451.1,442.62,59366400,6892690000,0.2561029997
667,2016-05-02,444.67,451.93,452.44,441.78,92127000,7002610000,0.3044225808
668,2016-05-01,451.88,448.48,452.48,447.93,40660100,6947430000,0.3044225808
669,2016-04-30,448.32,455.18,455.59,447.7,69322600,7049460000,0.3044225808
670,2016-04-29,455.1,449.41,455.38,446.02,49258500,6958330000,0.2759681624
671,2016-04-28,449.01,445.04,449.55,436.65,74064700,6889170000,0.2759681624
672,2016-04-27,444.69,466.26,467.08,444.13,93564900,7216190000,0.2759681624
673,2016-04-26,466.09,461.65,467.96,461.62,78971900,7143060000,0.2759681624
674,2016-04-25,461.43,459.12,466.62,453.59,87091800,7102490000,0.2759681624
675,2016-04-24,458.56,450.56,460.15,448.93,68198400,6968570000,0.2759681624
676,2016-04-23,450.28,445.86,450.28,444.33,50485400,6894280000,0.3382305778
677,2016-04-22,445.74,449.69,449.81,444.15,58804400,6951860000,0.3382305778
678,2016-04-21,449.43,441.42,450.55,440.95,68204700,6822320000,0.3382305778
679,2016-04-20,441.39,435.32,443.05,434.41,72890100,6726370000,0.3994326825
680,2016-04-19,435.51,428.7,436.02,428.1,52810500,6622450000,0.4019893026
681,2016-04-18,428.59,427.61,429.27,427.09,55670900,6604150000,0.37604496670000004
682,2016-04-17,427.4,430.64,431.37,426.08,52125900,6649170000,0.37604496670000004
683,2016-04-16,430.57,429.57,432.63,428.98,39392800,6631310000,0.37604496670000004
684,2016-04-15,429.71,424.43,429.93,424.43,54801500,6550350000,0.28413737899999997
685,2016-04-14,424.28,423.94,425.37,423.01,45281000,6541030000,0.28413737899999997
686,2016-04-13,423.73,425.63,426.66,422.92,69060400,6565470000,0.28413737899999997
687,2016-04-12,425.19,422.84,427.28,422.84,70728800,6520870000,0.28413737899999997
688,2016-04-11,422.48,421.87,422.74,420.53,50747500,6504290000,0.28413737899999997
689,2016-04-10,421.56,419.59,422.44,419.26,73478600,6467330000,0.5185095039000001
690,2016-04-09,419.41,420.81,420.89,416.51,49792700,6484410000,0.5185095039000001
691,2016-04-08,420.35,422.91,425.36,419.63,63454700,6515190000,0.5185095039000001
692,2016-04-07,422.75,423.62,423.66,420.52,57858600,6524680000,0.248663017
693,2016-04-06,423.41,424.28,424.53,422.73,59091000,6533260000,0.248663017
694,2016-04-05,424.03,421.02,424.26,420.61,60718000,6481350000,0.248663017
695,2016-04-04,421.44,421.3,422.34,419.6,50634300,6483910000,0.248663017
696,2016-04-03,420.9,421.17,421.58,419.7,38053700,6480470000,0.248663017
697,2016-04-02,420.87,418.42,422.08,418.42,45681200,6436700000,0.37766661020000003
698,2016-04-01,417.96,416.76,418.17,415.83,51235700,6409540000,0.37766661020000003
699,2016-03-31,416.73,415.26,418.37,415.26,60215200,6385140000,0.4469112454
700,2016-03-30,414.82,416.83,416.83,412.5,66034100,6407840000,0.35660893969999996
701,2016-03-29,416.52,424.3,426.2,412.68,75411500,6521010000,0.3602945818
702,2016-03-28,424.23,426.55,426.86,423.29,68522800,6553700000,0.3602945818
703,2016-03-27,426.76,418.14,428.8,417.71,71229400,6423040000,0.2509085302
704,2016-03-26,417.94,417.37,418.99,416.26,44650400,6409500000,0.2509085302
705,2016-03-25,417.18,416.51,418.08,415.56,52560000,6394850000,0.2509085302
706,2016-03-24,416.39,418.42,418.68,415.49,68346700,6422730000,0.2509085302
707,2016-03-23,418.04,418.16,419.27,417.36,61444200,6417130000,0.2980692059
708,2016-03-22,418.09,413.13,418.38,412.53,66813300,6338430000,0.2980692059
709,2016-03-21,413.31,413.42,413.42,410.38,61655400,6341380000,0.2980692059
710,2016-03-20,413.75,410.4,414.63,410.4,45947900,6293610000,0.2632188453
711,2016-03-19,410.44,409.26,410.98,407.23,58423000,6274790000,0.2632188453
712,2016-03-18,409.55,420.55,420.55,406.14,104940000,6446330000,0.2632188453
713,2016-03-17,420.62,417.89,421.0,417.89,83528600,6404130000,0.29409412170000004
714,2016-03-16,417.01,416.89,417.69,415.91,65185800,6387190000,0.29409412170000004
715,2016-03-15,416.83,416.39,418.13,414.99,66781700,6377870000,0.29409412170000004
716,2016-03-14,416.44,414.2,416.68,414.2,95259400,6342780000,0.29409412170000004
717,2016-03-13,414.06,411.65,416.6,411.64,74322800,6302330000,0.1675868356
718,2016-03-12,411.62,421.61,421.8,410.09,92712900,6453260000,0.1675868356
719,2016-03-11,421.69,417.24,423.93,417.01,73969700,6384740000,0.1675868356
720,2016-03-10,417.13,414.74,417.51,413.25,81022900,6344960000,0.47082225479999995
721,2016-03-09,414.86,413.89,416.03,411.61,70012300,6330230000,0.47082225479999995
722,2016-03-08,413.97,414.46,416.24,411.09,70311700,6337370000,0.47082225479999995
723,2016-03-07,414.32,407.76,415.92,406.31,85762400,6233430000,0.27763577629999997
724,2016-03-06,407.71,400.52,411.91,395.78,91212500,6121400000,0.27763577629999997
725,2016-03-05,400.57,410.78,411.26,394.04,135385000,6276610000,0.3060497889
726,2016-03-04,410.94,421.84,425.18,410.94,90856100,6443890000,0.3060497889
727,2016-03-03,421.65,423.91,425.37,419.41,100484000,6474150000,0.3060497889
728,2016-03-02,423.99,435.13,435.92,423.99,74955300,6643810000,0.3428960103
729,2016-03-01,435.12,437.92,439.65,432.32,74895800,6684800000,0.3428960103
730,2016-02-29,437.7,433.44,441.51,431.69,60694700,6614980000,0.3428960103
731,2016-02-28,433.5,432.57,435.68,423.82,53033400,6600310000,0.45615084340000006
732,2016-02-27,432.52,432.84,434.23,428.1,41893600,6602810000,0.45615084340000006
733,2016-02-26,432.15,424.63,432.15,421.62,61486000,6476080000,0.45615084340000006
734,2016-02-25,424.54,425.04,427.72,420.42,70798000,6480650000,0.2835236239
735,2016-02-24,424.95,420.96,425.55,413.91,67743700,6417190000,0.2835236239
736,2016-02-23,420.74,438.25,439.86,417.82,85244900,6679400000,0.2910002071
737,2016-02-22,437.75,438.99,439.05,432.92,85385200,6689200000,0.2910002071
738,2016-02-21,438.8,437.77,448.05,429.08,89820700,6669260000,0.2910002071
739,2016-02-20,437.16,421.6,441.98,421.6,93992100,6421310000,0.2177178249
740,2016-02-19,420.79,422.73,423.1,417.6,55711300,6436980000,0.2177178249
741,2016-02-18,422.37,416.57,426.0,415.64,76752600,6341430000,0.3212682953
742,2016-02-17,416.32,407.66,421.17,406.78,83193600,6204150000,0.3212682953
743,2016-02-16,407.49,401.43,408.94,401.43,73093100,6108040000,0.3212682953
744,2016-02-15,400.19,407.57,410.38,397.75,74070500,6199850000,0.3086352116
745,2016-02-14,407.23,392.93,407.23,392.93,74469800,5975580000,0.304901668
746,2016-02-13,391.86,384.64,391.86,384.64,61911700,5847990000,0.2601417707
747,2016-02-12,384.26,379.69,384.95,379.6,67042800,5771040000,0.30648754850000004
